hg38,NA
CHM13,NA
CHM13Y,NA
CHM13v2.0,NA
NA24385,EUR
NA21487,AFR
NA21309,AMR
NA20847,SAS
NA20509,EUR
NA20355,AFR
NA20129,AFR
NA19983,AFR
NA19836,AFR
NA19705,AFR
NA19650,AMR
NA19434,AFR
NA19384,AFR
NA19347,AFR
NA19331,AFR
NA19317,AFR
NA19240,AFR
NA19240,AFR
NA19239,AFR
NA19238,AFR
NA19129,AFR
NA19036,AFR
NA18989,EAS
NA18939,EAS
NA18906,AFR
NA18534,EAS
NA12329,EUR
HG04217,SAS
HG04036,SAS
HG03807,SAS
HG03732,SAS
HG03683,SAS
HG03579,AFR
HG03540,AFR
HG03520,AFR
HG03516,AFR
HG03492,SAS
HG03486,AFR
HG03456,AFR
HG03453,AFR
HG03452,AFR
HG03371,AFR
HG03248,AFR
HG03098,AFR
HG03065,AFR
HG03009,SAS
HG02953,AFR
HG02886,AFR
HG02818,AFR
HG02818,AFR
HG02769,AFR
HG02723,AFR
HG02717,AFR
HG02666,AFR
HG02630,AFR
HG02622,AFR
HG02587,AFR
HG02572,AFR
HG02559,AFR
HG02554,AFR
HG02492,SAS
HG02486,AFR
HG02282,AFR
HG02257,AFR
HG02148,AMR
HG02145,AFR
HG02109,AFR
HG02106,AMR
HG02080,EAS
HG02059,EAS
HG02055,AFR
HG02018,EAS
HG02011,AFR
HG01978,AMR
HG01952,AMR
HG01928,AMR
HG01891,AFR
HG01890,AFR
HG01596,EAS
HG01573,AMR
HG01505,EUR
HG01457,AMR
HG01361,AMR
HG01358,AMR
HG01352,AMR
HG01258,AMR
HG01243,AMR
HG01175,AMR
HG01123,AMR
HG01114,AMR
HG01109,AMR
HG01106,AMR
HG01071,AMR
HG00864,EAS
HG00741,AMR
HG00735,AMR
HG00733,AMR
HG00733,AMR
HG00732,AMR
HG00731,AMR
HG00673,EAS
HG00621,EAS
HG00514,EAS
HG00513,EAS
HG00512,EAS
HG005,EAS
HG00438,EAS
HG00358,EUR
HG00268,EUR
HG002,EUR
HG00171,EUR
HG00096,EUR
C001-CHA-E01,EAS
C002-CHA-E02,EAS
C003-CHA-E03,EAS
C004-CHA-E04,EAS
C005-CHA-E05,EAS
C006-CHA-E06,EAS
C007-CHA-E07,EAS
C008-CHA-E08,EAS
C009-CHA-E09,EAS
C010-CHA-E10,EAS
C011-CHA-E11,EAS
C012-CHA-E12,EAS
C013-CHA-E13,EAS
C014-CHA-E14,EAS
C015-CHA-E15,EAS
C016-CHA-E16,EAS
C017-CHA-E17,EAS
C018-CHA-E18,EAS
C019-CHA-E19,EAS
C020-CHA-E20,EAS
C031-CHA-S11,EAS
C021-CHA-S01,EAS
C032-CHA-S12,EAS
C022-CHA-S02,EAS
C033-CHA-S13,EAS
C023-CHA-S03,EAS
C034-CHA-S14,EAS
C024-CHA-S04,EAS
C025-CHA-S05,EAS
C026-CHA-S06,EAS
C027-CHA-S07,EAS
C028-CHA-S08,EAS
C029-CHA-S09,EAS
C030-CHA-S10,EAS
C035-CHA-S15,EAS
C036-CHA-S16,EAS
C037-CHA-S17,EAS
C038-CHA-S18,EAS
C039-CHA-S19,EAS
C040-CHA-S20,EAS
C041-CHA-N01,EAS
C042-CHA-N02,EAS
C043-CHA-N03,EAS
C044-CHA-N04,EAS
C045-CHA-N05,EAS
C046-CHA-N06,EAS
C047-CHA-N07,EAS
C048-CHA-N08,EAS
C049-CHA-N09,EAS
C050-CHA-N10,EAS
C051-CHA-N11,EAS
C052-CHA-N12,EAS
C053-CHA-N13,EAS
C054-CHA-N14,EAS
C055-CHA-N15,EAS
C056-CHA-N16,EAS
C057-CHA-N17,EAS
C058-CHA-N18,EAS
C059-CHA-N19,EAS
C060-CHA-N20,EAS
C061-CHA-NE01,EAS
C062-CHA-NE02,EAS
C063-CHA-NE03,EAS
C064-CHA-NE04,EAS
C065-CHA-NE05,EAS
C066-CHA-NE06,EAS
C067-CHA-NE07,EAS
C068-CHA-NE08,EAS
C069-CHA-NE09,EAS
C070-CHA-NE10,EAS
C071-CHA-NE11,EAS
C072-CHA-NE12,EAS
C073-CHA-NE13,EAS
C074-CHA-NE14,EAS
C075-CHA-NE15,EAS
C076-CHA-NE16,EAS
C077-CHA-NE17,EAS
C078-CHA-NE18,EAS
C079-CHA-NE19,EAS
C080-CHA-NE20,EAS
C081-CHA-C01,EAS
C082-CHA-C02,EAS
C083-CHA-C03,EAS
C084-CHA-C04,EAS
C085-CHA-C05,EAS
C086-CHA-C06,EAS
C087-CHA-C07,EAS
C088-CHA-C08,EAS
C089-CHA-C09,EAS
C090-CHA-C10,EAS
C091-CHA-C11,EAS
C092-CHA-C12,EAS
C093-CHA-C13,EAS
C094-CHA-C14,EAS
C095-CHA-C15,EAS
C096-CHA-C16,EAS
C097-CHA-C17,EAS
C098-CHA-C18,EAS
C099-CHA-C19,EAS
C100-CHA-C20,EAS
C101-CZA01,EAS
C102-CZA02,EAS
C103-CZA03,EAS
C104-CZA04,EAS
C105-CZA05,EAS
C106-CZA06,EAS
C107-CZA07,EAS
C108-CZA08,EAS
C109-CUG01,EAS
C110-CUG02,EAS
C111-CUG03,EAS
C112-CUG04,EAS
C113-CUG05,EAS
C114-CMG01,EAS
C115-CMG02,EAS
C116-CMG03,EAS
C117-CMG04,EAS
C118-CMG05,EAS
C119-CKZ01,EAS
C120-CKZ02,EAS
C121-CKZ03,EAS
C122-CKZ04,EAS
C123-CKZ05,EAS
C124-CZH01,EAS
C125-CZH02,EAS
C126-CZH03,EAS
C127-CZH04,EAS
C128-CZH05,EAS
C129-CYI01,EAS
C130-CYI02,EAS
C131-CYI03,EAS
C134-CMH01,EAS
C135-CMH02,EAS
C136-CMH03,EAS
C137-CMH04,EAS
C138-CMH05,EAS
C139-CBY01,EAS
C140-CBY02,EAS
C141-CBY03,EAS
C142-CHU01,EAS
C143-CHU02,EAS
C144-CHU03,EAS
C145-CMA01,EAS
C148-CTJ01,EAS
C149-CTJ02,EAS
C150-CTJ03,EAS
C151-CHA-E21,EAS
C152-CKZ06,EAS
C153-CHA-S21,EAS
C154-CBA01,EAS
C155-CBA02,EAS
C156-CBA03,EAS
KOR01,EAS
KOR02,EAS
KOR03,EAS
KOR04,EAS
KOR05,EAS
KOR06,EAS
KOR07,EAS
KOR08,EAS
